unit;trigger_default_id;trigger_default_cocunut;trigger_default_entity_type;trigger_default_entity_type_desc;trigger_default_class_1;trigger_default_rank;cross_default_id;cross_default_cocunut;cross_default_entity_type;cross_default_entity_type_desc;cross_default_class_1;cross_booking_company;cross_default_rank;number_days;trigger_default_start_conf_on;cross_default_start_conf_on;dqi_check
AVAL;141173;221608;3;Corporates;D11;1;141194;221608;3;Corporates;D12;RBI;2;1;26.09.2022;27.09.2022;OK
AVAL;94841;956387;6;Small Medium Business (SMB);D11;1;94844;956387;6;Small Medium Business (SMB);D12;RLUA;2;0;22.11.2016;22.11.2016;OK
AVAL;141176;392957;3;Corporates;D11;1;141195;392957;3;Corporates;D12;RBI;2;1;26.09.2022;27.09.2022;OK
AVAL;141175;389595;3;Corporates;D11;1;141193;389595;3;Corporates;D12;RBI;2;1;26.09.2022;27.09.2022;OK
CASRS;142496;2152441;3;Corporates;D8;1;142499;2152441;3;Corporates;D12;RLRS;2;0;27.12.2022;27.12.2022;OK
CASRS;140302;513577;3;Corporates;D8;3;129017;513577;3;Corporates;D12;RBRS;2;490;01.04.2022;27.11.2020;OK
CASRS;142496;2152441;3;Corporates;D8;1;142516;2152441;3;Corporates;D12;RBRS;3;1;27.12.2022;28.12.2022;OK
ILSK;137371;1051657;3;Corporates;D8;1;137397;1051657;3;Corporates;D12;TLSK;2;1;26.01.2022;27.01.2022;OK
ILSK;136316;99506;6;Small Medium Business (SMB);D8;1;136331;99506;6;Small Medium Business (SMB);D12;TLSK;2;0;26.11.2021;26.11.2021;OK
ILSK;134670;1318965;6;Small Medium Business (SMB);D8;1;134730;1318965;6;Small Medium Business (SMB);D12;TBSK;2;4;24.09.2021;28.09.2021;OK
ILSK;134670;1318965;6;Small Medium Business (SMB);D8;1;134971;1318965;6;Small Medium Business (SMB);D12;TLSK;3;5;24.09.2021;29.09.2021;OK
ILSK;136251;1359522;6;Small Medium Business (SMB);D8;1;136252;1359522;6;Small Medium Business (SMB);D12;TBSK;2;1;25.11.2021;26.11.2021;OK
ILSK;134671;1360044;6;Small Medium Business (SMB);D8;1;134830;1360044;6;Small Medium Business (SMB);D12;TLSK;2;4;24.09.2021;28.09.2021;OK
ILSK;136313;1449602;6;Small Medium Business (SMB);D8;1;136333;1449602;6;Small Medium Business (SMB);D12;TLSK;2;0;26.11.2021;26.11.2021;OK
ILSK;134932;1601150;6;Small Medium Business (SMB);D4;1;137032;1601150;6;Small Medium Business (SMB);D12;TBSK;2;98;29.09.2021;05.01.2022;ERROR
ILSK;136975;1611542;6;Small Medium Business (SMB);D8;1;137011;1611542;6;Small Medium Business (SMB);D12;TBSK;2;5;30.12.2021;04.01.2022;ERROR
ILSK;136314;1905910;6;Small Medium Business (SMB);D8;1;136352;1905910;6;Small Medium Business (SMB);D12;TBSK;2;4;26.11.2021;30.11.2021;OK
ILSK;138212;1927438;6;Small Medium Business (SMB);D8;1;138232;1927438;6;Small Medium Business (SMB);D12;TBSK;2;2;28.03.2022;30.03.2022;OK
ILSK;134990;310552;6;Small Medium Business (SMB);D8;1;135151;310552;6;Small Medium Business (SMB);D12;TLSK;2;4;30.09.2021;04.10.2021;OK
ILSK;134672;388622;3;Corporates;D8;1;134970;388622;3;Corporates;D12;TLSK;2;5;24.09.2021;29.09.2021;ERROR
ILSK;134704;751945;6;Small Medium Business (SMB);D8;3;93990;751945;6;Small Medium Business (SMB);D12;TLSK;2;1795;24.09.2021;25.10.2016;OK
ILSK;134706;764901;3;Corporates;D8;1;137031;764901;3;Corporates;D12;TBSK;2;103;24.09.2021;05.01.2022;ERROR
ILSK;136391;804919;3;Corporates;D8;3;88364;804919;3;Corporates;D12;TLSK;2;2043;30.11.2021;27.04.2016;OK
ILSK;136315;1310269;6;Small Medium Business (SMB);D8;1;136332;1310269;6;Small Medium Business (SMB);D12;TLSK;2;0;26.11.2021;26.11.2021;OK
RBAL;127754;231683;3;Corporates;D11;1;127770;231683;3;Corporates;D12;RLAL;2;2;28.09.2020;30.09.2020;OK
RBAL;137438;177868;3;Corporates;D11;2;137437;177868;3;Corporates;D12;RLAL;1;0;31.01.2022;31.01.2022;OK
RBAL;121592;920427;6;Small Medium Business (SMB);D11;1;121650;920427;6;Small Medium Business (SMB);D12;RLAL;2;5;19.12.2019;24.12.2019;ERROR
RBBG;121310;730383;6;Small Medium Business (SMB);D11;1;121390;730383;6;Small Medium Business (SMB);D12;RLBG;2;2;11.12.2019;13.12.2019;OK
RBBG;135571;1524096;18;Specialised Lending Project (excl. Commodity);D11;1;135591;1524096;18;Specialised Lending Project (excl. Commodity);D12;RLBG;2;3;22.10.2021;25.10.2021;OK
RBBG;133370;151872;6;Small Medium Business (SMB);D11;1;133371;151872;6;Small Medium Business (SMB);D12;RLBG;2;0;09.07.2021;09.07.2021;OK
RBBG;88903;135439;3;Corporates;D11;1;88921;135439;3;Corporates;D12;RLBG;2;1;17.05.2016;18.05.2016;OK
RBBG;117851;1046398;6;Small Medium Business (SMB);D11;1;117910;1046398;6;Small Medium Business (SMB);D12;RLBG;2;8;10.06.2019;18.06.2019;ERROR
RBBG;119931;592372;6;Small Medium Business (SMB);D11;1;119971;592372;6;Small Medium Business (SMB);D12;RLBG;2;3;27.09.2019;30.09.2019;OK
RBBG;98725;531690;3;Corporates;D11;1;98765;531690;3;Corporates;D12;RLBG;2;1;10.04.2017;11.04.2017;OK
RBBG;138876;517671;3;Corporates;D11;1;138879;517671;3;Corporates;D12;RLBG;2;0;04.05.2022;04.05.2022;OK
RBBG;94261;467026;6;Small Medium Business (SMB);D11;1;94321;467026;6;Small Medium Business (SMB);D12;RLBG;2;1;03.11.2016;04.11.2016;OK
RBBG;102647;314406;3;Corporates;D11;1;102666;314406;3;Corporates;D12;RLBG;2;1;25.07.2017;26.07.2017;OK
RBBG;86721;231354;6;Small Medium Business (SMB);D8;1;94522;231354;6;Small Medium Business (SMB);D12;RLBG;2;252;07.03.2016;14.11.2016;ERROR
RBBG;96605;223124;6;Small Medium Business (SMB);D11;1;96645;223124;6;Small Medium Business (SMB);D12;RLBG;2;0;30.01.2017;30.01.2017;OK
RBBG;86601;190676;3;Corporates;D11;1;86682;190676;3;Corporates;D12;RBI;3;2;02.03.2016;04.03.2016;OK
RBBG;86601;190676;3;Corporates;D11;1;86603;190676;3;Corporates;D12;RLBG;2;0;02.03.2016;02.03.2016;OK
RBBG;102645;157089;3;Corporates;D11;1;102665;157089;3;Corporates;D12;RLBG;2;1;25.07.2017;26.07.2017;OK
RBBG;86604;156826;3;Corporates;D11;1;86683;156826;3;Corporates;D12;RBI;2;2;02.03.2016;04.03.2016;OK
RBBG;134770;1566248;3;Corporates;D11;1;134850;1566248;3;Corporates;D12;RLBG;2;1;28.09.2021;29.09.2021;OK
RBBG;122990;94459;3;Corporates;D11;1;123010;94459;3;Corporates;D12;RLBG;2;0;26.02.2020;26.02.2020;OK
RBBH;119010;1541082;6;Small Medium Business (SMB);D11;1;119030;1541082;6;Small Medium Business (SMB);D12;RLBH;2;0;19.08.2019;19.08.2019;OK
RBBH;142056;755440;6;Small Medium Business (SMB);D11;1;142098;755440;6;Small Medium Business (SMB);D12;RLBH;2;2;28.11.2022;30.11.2022;OK
RBBH;124510;1477862;6;Small Medium Business (SMB);D5;1;124531;1477862;6;Small Medium Business (SMB);D12;RLBH;2;1;07.05.2020;08.05.2020;OK
RBBH;123930;1204934;6;Small Medium Business (SMB);D11;1;123931;1204934;6;Small Medium Business (SMB);D12;RLBH;2;0;26.03.2020;26.03.2020;OK
RBBH;109845;223305;3;Corporates;D11;1;109886;223305;3;Corporates;D12;RLBH;2;2;02.04.2018;04.04.2018;OK
RBBH;132790;127511;3;Corporates;D8;1;132910;127511;3;Corporates;D12;RLBH;2;1;23.06.2021;24.06.2021;OK
RBBH;120490;701448;6;Small Medium Business (SMB);D11;1;120491;701448;6;Small Medium Business (SMB);D12;RLBH;2;1;31.10.2019;01.11.2019;OK
RBBH;123490;127566;3;Corporates;D11;1;123510;127566;3;Corporates;D12;RLBH;2;0;11.03.2020;11.03.2020;OK
RBBH;117590;127581;3;Corporates;D11;1;117610;127581;3;Corporates;D12;RLBH;2;1;27.05.2019;28.05.2019;OK
RBBH;135651;517336;3;Corporates;D11;1;135731;517336;3;Corporates;D12;RLBH;2;1;27.10.2021;28.10.2021;OK
RBBH;102886;128241;3;Corporates;D11;1;103686;128241;3;Corporates;D12;RLBH;2;31;31.07.2017;31.08.2017;ERROR
RBBH;105485;169209;6;Small Medium Business (SMB);D11;1;105585;169209;6;Small Medium Business (SMB);D12;RLBH;2;1;13.11.2017;14.11.2017;OK
RBBH;126610;167440;3;Corporates;D11;1;126650;167440;3;Corporates;D12;RLBH;2;0;11.08.2020;11.08.2020;OK
RBBH;134250;166071;6;Small Medium Business (SMB);D5;1;135791;166071;6;Small Medium Business (SMB);D12;RLBH;2;63;30.08.2021;01.11.2021;ERROR
RBBH;130771;1628208;3;Corporates;D11;1;130790;1628208;3;Corporates;D12;RLBH;2;0;23.02.2021;23.02.2021;OK
RBBH;119311;1043400;3;Corporates;D11;1;119332;1043400;3;Corporates;D12;RLBH;2;0;30.08.2019;30.08.2019;OK
RBBH;135172;1363353;6;Small Medium Business (SMB);D5;1;135190;1363353;6;Small Medium Business (SMB);D12;RLBH;2;0;05.10.2021;05.10.2021;OK
RBBH;95766;555875;3;Corporates;D11;1;95786;555875;3;Corporates;D12;RLBH;2;0;22.12.2016;22.12.2016;OK
RBBH;116930;949287;6;Small Medium Business (SMB);D11;1;116950;949287;6;Small Medium Business (SMB);D12;RLBH;2;0;19.04.2019;19.04.2019;OK
RBBH;91301;149445;3;Corporates;D11;1;91341;149445;3;Corporates;D12;RBI;2;2;02.08.2016;04.08.2016;OK
RBBH;113711;944068;6;Small Medium Business (SMB);D11;1;113730;944068;6;Small Medium Business (SMB);D12;RLBH;2;0;05.11.2018;05.11.2018;OK
RBBH;123610;935801;6;Small Medium Business (SMB);D11;1;123650;935801;6;Small Medium Business (SMB);D12;RLBH;2;1;17.03.2020;18.03.2020;OK
RBBH;130970;934071;6;Small Medium Business (SMB);D5;1;130990;934071;6;Small Medium Business (SMB);D12;RLBH;2;0;05.03.2021;05.03.2021;OK
RBBH;89061;737522;3;Corporates;D11;1;89161;737522;3;Corporates;D12;RLBH;2;3;23.05.2016;26.05.2016;OK
RBBH;116570;882690;6;Small Medium Business (SMB);D11;1;116571;882690;6;Small Medium Business (SMB);D12;RLBH;2;0;02.04.2019;02.04.2019;OK
RBBH;131894;875831;3;Corporates;D11;1;131895;875831;3;Corporates;D12;RLBH;2;1;26.04.2021;27.04.2021;OK
RBBH;125930;868204;3;Corporates;D11;1;125933;868204;3;Corporates;D12;RLBH;2;0;06.07.2020;06.07.2020;OK
RBBH;111108;792308;6;Small Medium Business (SMB);D11;1;111110;792308;6;Small Medium Business (SMB);D12;RLBH;2;0;25.06.2018;25.06.2018;OK
RBBH;127211;1043822;6;Small Medium Business (SMB);D11;1;127230;1043822;6;Small Medium Business (SMB);D12;RLBH;2;0;04.09.2020;04.09.2020;OK
RBBY;86901;676139;6;Small Medium Business (SMB);D8;1;86921;676139;6;Small Medium Business (SMB);D12;RLBY1;2;0;14.03.2016;14.03.2016;OK
RBBY;135391;780246;3;Corporates;D1;1;135393;780246;3;Corporates;D12;RLBY1;2;1;14.10.2021;15.10.2021;OK
RBBY;128910;875198;6;Small Medium Business (SMB);D1;1;128912;875198;6;Small Medium Business (SMB);D12;RLBY1;2;1;25.11.2020;26.11.2020;OK
RBBY;94183;878587;6;Small Medium Business (SMB);D11;1;94203;878587;6;Small Medium Business (SMB);D12;RLBY1;2;1;31.10.2016;01.11.2016;OK
RBBY;125852;886124;6;Small Medium Business (SMB);D8;1;125871;886124;6;Small Medium Business (SMB);D12;RLBY1;2;1;01.07.2020;02.07.2020;OK
RBBY;126271;904337;6;Small Medium Business (SMB);D11;1;126290;904337;6;Small Medium Business (SMB);D12;RLBY1;2;0;28.07.2020;28.07.2020;OK
RBBY;133010;1550083;6;Small Medium Business (SMB);D8;1;133032;1550083;6;Small Medium Business (SMB);D12;RLBY1;2;0;29.06.2021;29.06.2021;OK
RBBY;140079;1607998;6;Small Medium Business (SMB);D8;1;140092;1607998;6;Small Medium Business (SMB);D12;RLBY1;2;0;19.07.2022;19.07.2022;OK
RBBY;138215;1615370;6;Small Medium Business (SMB);D8;1;138216;1615370;6;Small Medium Business (SMB);D12;RLBY1;2;0;28.03.2022;28.03.2022;OK
RBBY;90266;179243;3;Corporates;D11;1;90281;179243;3;Corporates;D12;RLBY1;2;0;29.06.2016;29.06.2016;OK
RBBY;89761;179244;3;Corporates;D8;1;91641;179244;3;Corporates;D12;RLBY1;2;70;13.06.2016;22.08.2016;ERROR
RBBY;88021;319918;;;D8;1;88022;319918;;;D12;RLBY1;2;0;22.04.2016;22.04.2016;OK
RBBY;122211;469220;;;D1;1;122212;469220;;;D12;RLBY1;2;0;21.01.2020;21.01.2020;OK
RBBY;127890;492333;3;Corporates;D8;1;127910;492333;3;Corporates;D12;RLBY1;2;1;06.10.2020;07.10.2020;OK
RBBY;110405;503892;6;Small Medium Business (SMB);D8;1;110406;503892;6;Small Medium Business (SMB);D12;RLBY1;2;0;14.05.2018;14.05.2018;OK
RBBY;89341;505425;3;Corporates;D11;1;89361;505425;3;Corporates;D12;RLBY1;2;0;31.05.2016;31.05.2016;OK
RBBY;86661;560687;6;Small Medium Business (SMB);D8;1;86664;560687;6;Small Medium Business (SMB);D12;RLBY1;2;0;03.03.2016;03.03.2016;OK
RBBY;139753;579784;6;Small Medium Business (SMB);D11;1;139755;579784;6;Small Medium Business (SMB);D12;RLBY1;2;0;28.06.2022;28.06.2022;OK
RBBY;92964;585053;3;Corporates;D11;1;93082;585053;3;Corporates;D12;RLBY1;2;5;30.09.2016;05.10.2016;ERROR
RBBY;93141;1205175;3;Corporates;D11;1;94162;1205175;3;Corporates;D12;RLBY1;2;26;06.10.2016;01.11.2016;ERROR
RBBY;135090;1235933;6;Small Medium Business (SMB);D11;1;135130;1235933;6;Small Medium Business (SMB);D12;RLBY1;2;3;01.10.2021;04.10.2021;OK
RBBY;124051;1404620;6;Small Medium Business (SMB);D11;1;124052;1404620;6;Small Medium Business (SMB);D12;RLBY1;2;1;31.03.2020;01.04.2020;OK
RBBY;139553;1461841;3;Corporates;D8;1;139554;1461841;3;Corporates;D12;RLBY1;2;0;15.06.2022;15.06.2022;OK
RBBY;140394;1498993;6;Small Medium Business (SMB);D8;1;140395;1498993;6;Small Medium Business (SMB);D12;RLBY1;2;0;03.08.2022;03.08.2022;OK
RBCZ;125702;668931;3;Corporates;D11;1;125706;668931;3;Corporates;D12;RLCZ;2;0;25.06.2020;25.06.2020;OK
RBCZ;127612;152705;3;Corporates;D11;1;127613;152705;3;Corporates;D12;RLCZ;2;0;24.09.2020;24.09.2020;OK
RBCZ;130850;680460;3;Corporates;D11;1;137972;680460;3;Corporates;D12;TBSK;3;377;26.02.2021;10.03.2022;OK
RBCZ;133031;705362;3;Corporates;D11;1;133033;705362;3;Corporates;D12;RBRO;2;0;29.06.2021;29.06.2021;OK
RBCZ;119190;789173;3;Corporates;D6;1;126371;789173;3;Corporates;D12;RLCZ;2;0;27.08.2019;27.08.2019;OK
RBCZ;123750;798141;6;Small Medium Business (SMB);D11;1;123776;798141;6;Small Medium Business (SMB);D12;RLCZ;2;3;23.03.2020;26.03.2020;OK
RBCZ;134655;848592;6;Small Medium Business (SMB);D11;1;134681;848592;6;Small Medium Business (SMB);D12;RLCZ;2;0;24.09.2021;24.09.2021;OK
RBCZ;133633;852366;3;Corporates;D11;1;133634;852366;3;Corporates;D12;RLCZ;2;0;21.07.2021;21.07.2021;OK
RBCZ;119933;935889;3;Corporates;D11;1;119950;935889;3;Corporates;D12;RLCZ;2;0;27.09.2019;27.09.2019;OK
RBCZ;138636;1633086;3;Corporates;D11;1;138652;1633086;3;Corporates;D12;RLCZ;2;1;21.04.2022;22.04.2022;OK
RBCZ;139074;1848907;3;Corporates;D11;1;139080;1848907;3;Corporates;D12;AVAL;2;0;16.05.2022;16.05.2022;OK
RBCZ;138633;22265;11;Banks;D11;1;138635;22265;11;Banks;D12;RBI;2;0;21.04.2022;21.04.2022;OK
RBCZ;128974;485647;3;Corporates;D11;1;128976;485647;3;Corporates;D12;RLCZ;2;0;26.11.2020;26.11.2020;OK
RBCZ;86765;523659;3;Corporates;D5;1;108765;523659;3;Corporates;D12;TBSK;2;715;09.03.2016;22.02.2018;ERROR
RBCZ;125790;589346;3;Corporates;D8;1;125791;589346;3;Corporates;D12;RLCZ;2;0;29.06.2020;29.06.2020;OK
RBCZ;135991;600156;3;Corporates;D4;1;136011;600156;3;Corporates;D12;RLCZ;2;1;09.11.2021;10.11.2021;OK
RBCZ;121931;648014;6;Small Medium Business (SMB);D11;1;122192;648014;6;Small Medium Business (SMB);D12;RLCZ;2;20;03.01.2020;23.01.2020;ERROR
RBCZ;113611;648993;3;Corporates;D11;1;119310;648993;3;Corporates;D12;RLCZ;2;0;31.10.2018;31.10.2018;OK
RBCZ;140776;1312708;6;Small Medium Business (SMB);D4;1;140782;1312708;6;Small Medium Business (SMB);D12;RLCZ;2;0;30.08.2022;30.08.2022;OK
RBCZ;128730;1335983;3;Corporates;D11;1;128762;1335983;3;Corporates;D12;RLCZ;2;0;19.11.2020;19.11.2020;OK
RBCZ;128975;1437486;3;Corporates;D11;1;128977;1437486;3;Corporates;D12;RLCZ;2;0;26.11.2020;26.11.2020;OK
RBCZ;92701;14690;11;Banks;D8;1;102205;14690;11;Banks;D12;RBCZ;2;290;26.09.2016;13.07.2017;ERROR
RBCZ;115773;14690;11;Banks;D8;3;102205;14690;11;Banks;D12;RBCZ;2;588;21.02.2019;13.07.2017;OK
RBCZ;130850;680460;3;Corporates;D11;1;130890;680460;3;Corporates;D12;TLSK;2;4;26.02.2021;02.03.2021;OK
RBHR;137395;790135;3;Corporates;D11;1;137396;790135;3;Corporates;D12;RLHR;2;0;27.01.2022;27.01.2022;OK
RBHR;132673;1514778;3;Corporates;D5;1;132674;1514778;3;Corporates;D12;RLHR;2;0;18.06.2021;18.06.2021;OK
RBHR;130812;921803;6;Small Medium Business (SMB);D11;1;130822;921803;6;Small Medium Business (SMB);D12;RLHR;2;0;25.02.2021;25.02.2021;OK
RBHR;131131;952863;3;Corporates;D5;1;131133;952863;3;Corporates;D12;RLHR;2;0;12.03.2021;12.03.2021;OK
RBHR;110826;154531;3;Corporates;D5;1;110827;154531;3;Corporates;D12;RLHR;2;0;06.06.2018;06.06.2018;OK
RBHR;114170;188625;3;Corporates;D11;1;114172;188625;3;Corporates;D12;RLHR;2;0;23.11.2018;23.11.2018;OK
RBHR;114571;881024;3;Corporates;D5;1;114573;881024;3;Corporates;D12;RLHR;2;0;11.12.2018;11.12.2018;OK
RBHR;117112;142800;39;Associations;D8;1;117113;142800;39;Associations;D12;RLHR;2;1;01.05.2019;02.05.2019;OK
RBHR;107585;142190;3;Corporates;D11;1;107586;142190;3;Corporates;D12;RLHR;2;0;29.12.2017;29.12.2017;OK
RBHR;101626;140081;3;Corporates;D5;1;101646;140081;3;Corporates;D12;RLHR;2;0;28.06.2017;28.06.2017;OK
RBHR;140372;137490;3;Corporates;D11;1;140374;137490;3;Corporates;D12;RLHR;2;0;02.08.2022;02.08.2022;OK
RBHR;141693;212758;3;Corporates;D11;1;141695;212758;3;Corporates;D12;RLHR;2;0;27.10.2022;27.10.2022;OK
RBHR;98285;28482;3;Corporates;D11;1;98388;28482;3;Corporates;D12;RLHR;2;0;31.03.2017;31.03.2017;OK
RBHR;131970;438772;6;Small Medium Business (SMB);D11;1;131972;438772;6;Small Medium Business (SMB);D12;RLHR;2;0;29.04.2021;29.04.2021;OK
RBHR;126190;449499;3;Corporates;D11;1;126197;449499;3;Corporates;D12;RLHR;2;0;24.07.2020;24.07.2020;OK
RBHR;139213;452776;3;Corporates;D11;1;139214;452776;3;Corporates;D12;RLHR;2;0;23.05.2022;23.05.2022;OK
RBHR;141153;516266;6;Small Medium Business (SMB);D11;1;141156;516266;6;Small Medium Business (SMB);D12;RLHR;2;0;23.09.2022;23.09.2022;OK
RBHR;118610;523245;3;Corporates;D5;1;118611;523245;3;Corporates;D12;RLHR;2;0;24.07.2019;24.07.2019;OK
RBHR;110888;535667;3;Corporates;D11;1;110889;535667;3;Corporates;D12;RLHR;2;0;12.06.2018;12.06.2018;OK
RBHR;106466;550299;3;Corporates;D4;1;117891;550299;3;Corporates;D12;RLHR;2;552;07.12.2017;12.06.2019;ERROR
RBHR;114792;594600;3;Corporates;D11;1;114793;594600;3;Corporates;D12;RLHR;2;0;20.12.2018;20.12.2018;OK
RBHR;138983;1030981;6;Small Medium Business (SMB);D11;1;138994;1030981;6;Small Medium Business (SMB);D12;RLHR;2;0;11.05.2022;11.05.2022;OK
RBHR;105445;1049564;3;Corporates;D8;1;105505;1049564;3;Corporates;D12;RLHR;2;1;12.11.2017;13.11.2017;OK
RBHR;85362;107459;6;Small Medium Business (SMB);D11;1;85363;107459;6;Small Medium Business (SMB);D12;RLHR;2;0;26.01.2016;26.01.2016;OK
RBHR;102525;107637;6;Small Medium Business (SMB);D11;1;102545;107637;6;Small Medium Business (SMB);D12;RLHR;2;0;21.07.2017;21.07.2017;OK
RBHR;88301;108080;3;Corporates;D5;1;88321;108080;3;Corporates;D12;RLHR;2;0;28.04.2016;28.04.2016;OK
RBHR;88302;108085;3;Corporates;D5;1;88322;108085;3;Corporates;D12;RLHR;2;0;28.04.2016;28.04.2016;OK
RBHR;114637;108188;3;Corporates;D11;1;114638;108188;3;Corporates;D12;RLHR;2;0;13.12.2018;13.12.2018;OK
RBHR;124390;108248;3;Corporates;D11;1;124391;108248;3;Corporates;D12;RLHR;2;0;27.04.2020;27.04.2020;OK
RBHR;140356;108730;3;Corporates;D11;1;140373;108730;3;Corporates;D12;RLHR;2;0;02.08.2022;02.08.2022;OK
RBHR;98306;108736;3;Corporates;D11;1;98367;108736;3;Corporates;D12;RLHR;2;0;31.03.2017;31.03.2017;OK
RBHR;112046;108906;3;Corporates;D11;1;112047;108906;3;Corporates;D12;RLHR;2;0;23.08.2018;23.08.2018;OK
RBHR;121670;108940;3;Corporates;D11;1;121675;108940;3;Corporates;D12;RLHR;2;0;20.12.2019;20.12.2019;OK
RBHR;101627;108951;3;Corporates;D5;1;101647;108951;3;Corporates;D12;RLHR;2;0;28.06.2017;28.06.2017;OK
RBHR;98305;116810;3;Corporates;D11;1;98366;116810;3;Corporates;D12;RLHR;2;0;31.03.2017;31.03.2017;OK
RBHR;102005;116944;6;Small Medium Business (SMB);D5;1;102025;116944;6;Small Medium Business (SMB);D12;RLHR;2;0;06.07.2017;06.07.2017;OK
RBHR;125991;120106;6;Small Medium Business (SMB);D11;1;125992;120106;6;Small Medium Business (SMB);D12;RLHR;2;0;09.07.2020;09.07.2020;OK
RBHR;129450;1215139;6;Small Medium Business (SMB);D11;1;129470;1215139;6;Small Medium Business (SMB);D12;RLHR;2;0;10.12.2020;10.12.2020;OK
RBHR;128631;1228759;3;Corporates;D11;1;128650;1228759;3;Corporates;D12;RLHR;2;0;17.11.2020;17.11.2020;OK
RBHR;126191;1229238;3;Corporates;D11;1;126196;1229238;3;Corporates;D12;RLHR;2;0;24.07.2020;24.07.2020;OK
RBHR;98307;124940;3;Corporates;D11;1;98385;124940;3;Corporates;D12;RLHR;2;0;31.03.2017;31.03.2017;OK
RBHR;98345;125693;3;Corporates;D11;1;98387;125693;3;Corporates;D12;RLHR;2;0;31.03.2017;31.03.2017;OK
RBHR;132130;128296;6;Small Medium Business (SMB);D4;1;132131;128296;6;Small Medium Business (SMB);D12;RLHR;2;0;10.05.2021;10.05.2021;OK
RBHR;136772;128329;6;Small Medium Business (SMB);D11;1;136774;128329;6;Small Medium Business (SMB);D12;RLHR;2;0;20.12.2021;20.12.2021;OK
RBHR;129131;130084;6;Small Medium Business (SMB);D11;1;129190;130084;6;Small Medium Business (SMB);D12;RLHR;2;0;01.12.2020;01.12.2020;OK
RBHR;98308;132770;3;Corporates;D11;1;98386;132770;3;Corporates;D12;RLHR;2;0;31.03.2017;31.03.2017;OK
RBHR;131630;1355886;6;Small Medium Business (SMB);D11;1;131631;1355886;6;Small Medium Business (SMB);D12;RLHR;2;0;09.04.2021;09.04.2021;OK
RBHR;129832;1358535;3;Corporates;D11;1;129851;1358535;3;Corporates;D12;RLHR;2;0;23.12.2020;23.12.2020;OK
RBHU;120810;535543;3;Corporates;D11;1;120850;535543;3;Corporates;D12;RPL;2;0;25.11.2019;25.11.2019;OK
RBHU;92442;110737;3;Corporates;D11;1;95185;110737;3;Corporates;D12;RPL;2;80;13.09.2016;02.12.2016;ERROR
RBHU;132590;1225257;6;Small Medium Business (SMB);D1;1;132632;1225257;6;Small Medium Business (SMB);D12;RPL;2;5;11.06.2021;16.06.2021;ERROR
RBHU;120811;623895;3;Corporates;D11;1;120851;623895;3;Corporates;D12;RPL;2;0;25.11.2019;25.11.2019;OK
RBHU;121632;195361;3;Corporates;D11;1;122030;195361;3;Corporates;D12;RPL;2;22;19.12.2019;10.01.2020;ERROR
RBI;142398;66031;3;Corporates;D11;1;142435;66031;3;Corporates;D12;RBRO;2;1;20.12.2022;21.12.2022;OK
RBI;138153;1511188;3;Corporates;D11;1;138214;1511188;3;Corporates;D12;RBILEG;2;6;22.03.2022;28.03.2022;ERROR
RBI;89402;677803;3;Corporates;D11;3;89401;677803;3;Corporates;D12;RLRO;2;12;01.06.2016;13.06.2016;OK
RBI;89404;677805;3;Corporates;D11;1;89561;677805;3;Corporates;D12;RBRO;2;7;01.06.2016;08.06.2016;ERROR
RBI;90783;724263;3;Corporates;D11;1;90881;724263;3;Corporates;D12;RBSG;2;2;18.07.2016;20.07.2016;OK
RBI;107185;78870;3;Corporates;D11;1;107205;78870;3;Corporates;D12;RBCZ;2;0;22.12.2017;22.12.2017;OK
RBI;107185;78870;3;Corporates;D11;1;107208;78870;3;Corporates;D12;TBSK;3;5;22.12.2017;27.12.2017;OK
RBI;141972;807434;3;Corporates;D11;1;141975;807434;3;Corporates;D12;RBCZ;2;1;22.11.2022;23.11.2022;OK
RBI;113330;191268;3;Corporates;D1;1;113350;191268;3;Corporates;D12;RLGMBH;2;0;24.10.2018;24.10.2018;OK
RBI;89402;677803;3;Corporates;D11;3;89381;677803;3;Corporates;D12;RBRO;1;1;01.06.2016;31.05.2016;OK
RBI;89403;209331;3;Corporates;D11;1;89581;209331;3;Corporates;D12;RBRO;2;7;01.06.2016;08.06.2016;ERROR
RBI;142395;41066;3;Corporates;D11;1;142432;41066;3;Corporates;D12;RBRO;2;1;20.12.2022;21.12.2022;OK
RBI;142397;497943;3;Corporates;D11;1;142434;497943;3;Corporates;D12;RBRO;2;1;20.12.2022;21.12.2022;OK
RBI;142396;66029;3;Corporates;D11;1;142433;66029;3;Corporates;D12;RBRO;2;1;20.12.2022;21.12.2022;OK
RBI;107188;119582;3;Corporates;D11;1;107385;119582;3;Corporates;D12;RLGMBH;2;5;22.12.2017;27.12.2017;ERROR
RBI;107190;1225000;3;Corporates;D11;1;107207;1225000;3;Corporates;D12;TBSK;2;5;22.12.2017;27.12.2017;ERROR
RBI;107190;1225000;3;Corporates;D11;1;107406;1225000;3;Corporates;D12;RBCZ;3;5;22.12.2017;27.12.2017;OK
RBILEG;101965;204456;3;Corporates;D8;1;101985;204456;3;Corporates;D12;RBI;2;2;04.07.2017;06.07.2017;OK
RBIPL;113704;796031;;;D11;2;104365;796031;;;D12;RBI;1;2;27.09.2017;29.09.2017;OK
RBKO;88981;124641;3;Corporates;D11;1;89822;124641;3;Corporates;D12;RLKO;2;28;19.05.2016;16.06.2016;ERROR
RBKO;140672;1831041;6;Small Medium Business (SMB);D8;1;140673;1831041;6;Small Medium Business (SMB);D12;RLKO;2;1;22.08.2022;23.08.2022;OK
RBKO;134590;164836;6;Small Medium Business (SMB);D5;1;134591;164836;6;Small Medium Business (SMB);D12;RLKO;2;0;21.09.2021;21.09.2021;OK
RBKO;131931;1254552;6;Small Medium Business (SMB);D11;2;131930;1254552;6;Small Medium Business (SMB);D12;RLKO;1;0;27.04.2021;27.04.2021;OK
RBKO;122650;124641;3;Corporates;D11;3;89822;124641;3;Corporates;D12;RLKO;2;1342;18.02.2020;16.06.2016;OK
RBRO;114251;510526;3;Corporates;D11;1;114270;510526;3;Corporates;D12;RLRO;2;0;28.11.2018;28.11.2018;OK
RBRO;98225;600834;3;Corporates;D1;1;98226;600834;3;Corporates;D12;RLRO;2;1;31.03.2017;30.03.2017;OK
RBRO;89626;677810;3;Corporates;D11;1;89661;677810;3;Corporates;D12;RBI;2;2;08.06.2016;10.06.2016;OK
RBRO;87321;710784;6;Small Medium Business (SMB);D8;1;87402;710784;6;Small Medium Business (SMB);D12;RLRO;2;1;30.03.2016;31.03.2016;OK
RBRO;124657;716912;3;Corporates;D2;1;125230;716912;3;Corporates;D12;RLRO;2;18;15.05.2020;02.06.2020;ERROR
RBRO;125542;721021;6;Small Medium Business (SMB);D2;1;125548;721021;6;Small Medium Business (SMB);D12;RLRO;2;0;16.06.2020;16.06.2020;OK
RBRO;97248;733913;3;Corporates;D1;1;97249;733913;3;Corporates;D12;RLRO;2;0;20.02.2017;20.02.2017;OK
RBRO;113870;773972;6;Small Medium Business (SMB);D11;1;113872;773972;6;Small Medium Business (SMB);D12;RLRO;2;0;13.11.2018;13.11.2018;OK
RBRO;110830;796330;3;Corporates;D1;2;110829;796330;3;Corporates;D12;RLRO;1;1;06.06.2018;07.06.2018;OK
RBRO;104685;796794;6;Small Medium Business (SMB);D8;1;104745;796794;6;Small Medium Business (SMB);D12;RLRO;2;1;16.10.2017;17.10.2017;OK
RBRO;100305;806177;6;Small Medium Business (SMB);D11;1;100406;806177;6;Small Medium Business (SMB);D12;RLRO;2;7;24.05.2017;31.05.2017;ERROR
RBRO;127911;868646;6;Small Medium Business (SMB);D11;1;127912;868646;6;Small Medium Business (SMB);D12;RLRO;2;0;07.10.2020;07.10.2020;OK
RBRO;121677;923058;6;Small Medium Business (SMB);D11;2;121676;923058;6;Small Medium Business (SMB);D12;RLRO;1;0;20.12.2019;20.12.2019;OK
RBRO;131442;926608;6;Small Medium Business (SMB);D8;1;131450;926608;6;Small Medium Business (SMB);D12;RLRO;2;1;29.03.2021;30.03.2021;OK
RBRO;113890;933474;6;Small Medium Business (SMB);D11;1;113891;933474;6;Small Medium Business (SMB);D12;RLRO;2;1;13.11.2018;14.11.2018;OK
RBRO;119071;933612;6;Small Medium Business (SMB);D1;1;119072;933612;6;Small Medium Business (SMB);D12;RLRO;2;0;21.08.2019;21.08.2019;OK
RBRO;114671;1328249;6;Small Medium Business (SMB);D11;1;114672;1328249;6;Small Medium Business (SMB);D12;RLRO;2;0;14.12.2018;14.12.2018;OK
RBRO;128612;134868;6;Small Medium Business (SMB);D11;1;128630;134868;6;Small Medium Business (SMB);D12;RLRO;2;0;17.11.2020;17.11.2020;OK
RBRO;129610;1361624;6;Small Medium Business (SMB);D11;1;129611;1361624;6;Small Medium Business (SMB);D12;RLRO;2;0;15.12.2020;15.12.2020;OK
RBRO;123410;1439300;6;Small Medium Business (SMB);D11;1;123411;1439300;6;Small Medium Business (SMB);D12;RLRO;2;0;06.03.2020;06.03.2020;OK
RBRO;128590;156570;6;Small Medium Business (SMB);D11;1;128592;156570;6;Small Medium Business (SMB);D12;RLRO;2;0;16.11.2020;16.11.2020;OK
RBRO;127631;1574160;6;Small Medium Business (SMB);D11;1;127650;1574160;6;Small Medium Business (SMB);D12;RLRO;2;0;25.09.2020;25.09.2020;OK
RBRO;140895;1930703;6;Small Medium Business (SMB);D11;1;140896;1930703;6;Small Medium Business (SMB);D12;RLRO;2;0;05.09.2022;05.09.2022;OK
RBRO;114253;508153;3;Corporates;D11;1;114271;508153;3;Corporates;D12;RLRO;2;0;28.11.2018;28.11.2018;OK
RBRO;101748;465664;6;Small Medium Business (SMB);D8;1;101866;465664;6;Small Medium Business (SMB);D12;RLRO;2;1;29.06.2017;30.06.2017;OK
RBRO;130011;465309;3;Corporates;D11;1;130012;465309;3;Corporates;D12;RLRO;2;0;30.12.2020;30.12.2020;OK
RBRO;92084;196559;6;Small Medium Business (SMB);D1;1;92141;196559;6;Small Medium Business (SMB);D12;RLRO;2;2;31.08.2016;02.09.2016;OK
RBRO;138177;247121;6;Small Medium Business (SMB);D8;1;138178;247121;6;Small Medium Business (SMB);D12;RLRO;2;1;23.03.2022;24.03.2022;OK
RBRO;127811;331739;6;Small Medium Business (SMB);D8;1;127812;331739;6;Small Medium Business (SMB);D12;RLRO;2;1;30.09.2020;01.10.2020;OK
RBRS;139719;235990;3;Corporates;D11;1;139732;235990;3;Corporates;D12;RLRS;2;0;27.06.2022;27.06.2022;OK
RBRS;126131;284627;6;Small Medium Business (SMB);D11;1;126132;284627;6;Small Medium Business (SMB);D12;RLRS;2;0;20.07.2020;20.07.2020;OK
RBRS;104306;650054;6;Small Medium Business (SMB);D4;1;104326;650054;6;Small Medium Business (SMB);D12;RLRS;2;1;28.09.2017;29.09.2017;OK
RBRS;136856;664483;6;Small Medium Business (SMB);D11;1;141258;664483;6;Small Medium Business (SMB);D12;CASRS;2;280;24.12.2021;30.09.2022;ERROR
RBRS;141034;676544;6;Small Medium Business (SMB);D11;1;141035;676544;6;Small Medium Business (SMB);D12;RLRS;2;0;16.09.2022;16.09.2022;OK
RBRS;137560;682690;3;Corporates;D11;1;141260;682690;3;Corporates;D12;RLRS;2;233;09.02.2022;30.09.2022;ERROR
RBRS;136173;748772;6;Small Medium Business (SMB);D11;1;141262;748772;6;Small Medium Business (SMB);D12;RLRS;2;315;19.11.2021;30.09.2022;ERROR
RBRS;107228;769810;6;Small Medium Business (SMB);D11;1;107305;769810;6;Small Medium Business (SMB);D12;RLRS;2;3;22.12.2017;25.12.2017;OK
RBRS;132295;786499;6;Small Medium Business (SMB);D11;1;141261;786499;6;Small Medium Business (SMB);D12;RLRS;2;497;21.05.2021;30.09.2022;ERROR
RBRS;142252;946044;3;Corporates;D11;1;142253;946044;3;Corporates;D12;RLRS;2;0;12.12.2022;12.12.2022;OK
RBRS;142252;946044;3;Corporates;D11;1;142272;946044;3;Corporates;D12;CASRS;3;1;12.12.2022;13.12.2022;OK
RBRS;129990;955075;6;Small Medium Business (SMB);D11;1;141263;955075;6;Small Medium Business (SMB);D12;RLRS;2;640;29.12.2020;30.09.2022;ERROR
RBRS;113670;1031766;6;Small Medium Business (SMB);D11;1;113671;1031766;6;Small Medium Business (SMB);D12;RLRS;2;0;01.11.2018;01.11.2018;OK
RBRS;121791;1035552;3;Corporates;D11;1;121792;1035552;3;Corporates;D12;RLRS;2;0;26.12.2019;26.12.2019;OK
RBRS;131130;119235;3;Corporates;D11;1;131132;119235;3;Corporates;D12;RLRS;2;0;12.03.2021;12.03.2021;OK
RBRS;112171;1250448;6;Small Medium Business (SMB);D8;1;112172;1250448;6;Small Medium Business (SMB);D12;RLRS;2;0;29.08.2018;29.08.2018;OK
RBRS;128772;130353;3;Corporates;D11;1;128810;130353;3;Corporates;D12;RLRS;2;3;20.11.2020;23.11.2020;OK
RBRS;128772;130353;3;Corporates;D11;1;140342;130353;3;Corporates;D12;CASRS;3;497;20.11.2020;01.04.2022;OK
RBRS;132293;135907;6;Small Medium Business (SMB);D11;1;132310;135907;6;Small Medium Business (SMB);D12;RLRS;2;3;21.05.2021;24.05.2021;OK
RBRS;131874;1520192;6;Small Medium Business (SMB);D11;1;131891;1520192;6;Small Medium Business (SMB);D12;RLRS;2;3;23.04.2021;26.04.2021;OK
RBRS;139574;1541564;6;Small Medium Business (SMB);D11;1;139576;1541564;6;Small Medium Business (SMB);D12;RLRS;2;0;16.06.2022;16.06.2022;OK
RBRS;118070;173347;6;Small Medium Business (SMB);D11;1;118073;173347;6;Small Medium Business (SMB);D12;RLRS;2;0;21.06.2019;21.06.2019;OK
RBRS;129993;175015;6;Small Medium Business (SMB);D11;1;130010;175015;6;Small Medium Business (SMB);D12;RLRS;2;1;29.12.2020;30.12.2020;OK
RBRS;129993;175015;6;Small Medium Business (SMB);D11;1;141257;175015;6;Small Medium Business (SMB);D12;CASRS;3;640;29.12.2020;30.09.2022;OK
RBRS;142333;1811557;3;Corporates;D11;1;142337;1811557;3;Corporates;D12;RLRS;2;1;16.12.2022;15.12.2022;OK
RBRU;139675;631167;3;Corporates;D8;1;139752;631167;3;Corporates;D12;RBI;2;5;23.06.2022;28.06.2022;ERROR
RBRU;136232;1334352;3;Corporates;D11;1;136293;1334352;3;Corporates;D12;RLRU;2;2;24.11.2021;26.11.2021;OK
RBRU;115690;1349190;3;Corporates;D1;1;115711;1349190;3;Corporates;D12;RLRU;2;1;14.02.2019;15.02.2019;OK
RBRU;140278;1779028;3;Corporates;D11;1;140312;1779028;3;Corporates;D12;RLRU;2;0;29.07.2022;29.07.2022;OK
RBRU;118472;1365162;3;Corporates;D11;1;118490;1365162;3;Corporates;D12;RLRU;2;0;18.07.2019;18.07.2019;OK
RBRU;119830;1461797;3;Corporates;D11;1;119892;1461797;3;Corporates;D12;RLRU;2;1;25.09.2019;26.09.2019;OK
RBRU;139373;164642;11;Banks;D11;1;139375;164642;11;Banks;D12;RBI;2;0;31.05.2022;31.05.2022;OK
RBRU;128870;1363199;3;Corporates;D5;1;128893;1363199;3;Corporates;D12;RLRU;2;0;24.11.2020;24.11.2020;OK
RFACTOR;122190;25977;3;Corporates;D11;2;122351;25977;3;Corporates;D12;RLGMBH;3;16;22.01.2020;07.02.2020;ERROR
RLAL;124550;604353;6;Small Medium Business (SMB);D8;1;124973;604353;6;Small Medium Business (SMB);D12;RBAL;2;2;24.05.2020;26.05.2020;OK
RLAL;140692;605381;3;Corporates;D8;1;140695;605381;3;Corporates;D12;RBAL;2;0;23.08.2022;23.08.2022;OK
RLAL;120370;693432;3;Corporates;D4;1;128972;693432;3;Corporates;D12;RBAL;2;399;24.10.2019;26.11.2020;ERROR
RLAL;95103;792858;3;Corporates;D11;1;128915;792858;3;Corporates;D12;RBAL;2;1456;30.11.2016;25.11.2020;ERROR
RLAL;97165;851905;6;Small Medium Business (SMB);D11;1;128913;851905;6;Small Medium Business (SMB);D12;RBAL;2;1371;23.02.2017;25.11.2020;ERROR
RLAL;112006;1056491;3;Corporates;D8;1;132090;1056491;3;Corporates;D12;RBAL;2;989;22.08.2018;07.05.2021;ERROR
RLAL;124211;1218841;3;Corporates;D8;1;124316;1218841;3;Corporates;D12;RBAL;2;1;20.04.2020;21.04.2020;OK
RLAL;91242;130241;3;Corporates;D8;1;91302;130241;3;Corporates;D12;RBAL;2;0;01.08.2016;01.08.2016;OK
RLAL;95303;131256;3;Corporates;D8;1;128914;131256;3;Corporates;D12;RBAL;2;1281;24.05.2017;25.11.2020;ERROR
RLAL;108225;176189;6;Small Medium Business (SMB);D8;1;108246;176189;6;Small Medium Business (SMB);D12;RBAL;2;0;30.01.2018;30.01.2018;OK
RLBG;141532;298873;6;Small Medium Business (SMB);D8;1;141533;298873;6;Small Medium Business (SMB);D12;RBBG;2;0;17.10.2022;17.10.2022;OK
RLBH;132464;757430;6;Small Medium Business (SMB);D8;1;132490;757430;6;Small Medium Business (SMB);D12;RBBH;2;1;02.06.2021;03.06.2021;OK
RLBH;127270;876635;6;Small Medium Business (SMB);D8;1;127271;876635;6;Small Medium Business (SMB);D12;RBBH;2;0;08.09.2020;08.09.2020;OK
RLBH;135952;1268946;6;Small Medium Business (SMB);D8;1;135994;1268946;6;Small Medium Business (SMB);D12;RBBH;2;1;08.11.2021;09.11.2021;OK
RLBH;107745;322735;6;Small Medium Business (SMB);D8;1;107746;322735;6;Small Medium Business (SMB);D12;RBBH;2;0;08.01.2018;08.01.2018;OK
RLBY1;121511;574821;6;Small Medium Business (SMB);D8;1;121530;574821;6;Small Medium Business (SMB);D12;RBBY;2;0;17.12.2019;17.12.2019;OK
RLBY1;102825;309569;3;Corporates;D8;1;102885;309569;3;Corporates;D12;RBBY;2;0;31.07.2017;31.07.2017;OK
RLBY1;85203;325264;3;Corporates;D8;1;85204;325264;3;Corporates;D12;RBBY;2;0;15.01.2016;15.01.2016;OK
RLBY1;95483;592561;3;Corporates;D8;1;95488;592561;3;Corporates;D12;RBBY;2;0;16.12.2016;16.12.2016;OK
RLBY1;86062;536175;6;Small Medium Business (SMB);D8;1;86063;536175;6;Small Medium Business (SMB);D12;RBBY;2;0;15.02.2016;15.02.2016;OK
RLCZ;135871;1914548;6;Small Medium Business (SMB);D11;1;138661;1914548;6;Small Medium Business (SMB);D12;RBCZ;2;57;05.11.2021;01.01.2022;ERROR
RLCZ;125995;204362;3;Corporates;D4;1;125996;204362;3;Corporates;D12;RBCZ;2;0;09.07.2020;09.07.2020;OK
RLCZ;111809;92677;3;Corporates;D1;1;111846;92677;3;Corporates;D12;RBCZ;2;6;07.08.2018;13.08.2018;ERROR
RLCZ;110185;1402867;6;Small Medium Business (SMB);D8;1;131351;1402867;6;Small Medium Business (SMB);D12;RBCZ;2;1067;24.04.2018;26.03.2021;ERROR
RLCZ;110685;716505;6;Small Medium Business (SMB);D8;1;125590;716505;6;Small Medium Business (SMB);D12;RBCZ;2;750;30.05.2018;18.06.2020;ERROR
RLCZ;118570;689152;3;Corporates;D11;1;118770;689152;3;Corporates;D12;RBCZ;2;0;22.07.2019;22.07.2019;OK
RLCZ;133871;1464035;6;Small Medium Business (SMB);D11;1;133897;1464035;6;Small Medium Business (SMB);D12;RBCZ;2;0;10.08.2021;10.08.2021;OK
RLCZ;99308;167398;;;D5;1;100245;167398;;;D12;RBI;2;25;28.04.2017;23.05.2017;ERROR
RLHR;94482;108485;3;Corporates;D11;1;94483;108485;3;Corporates;D12;RBHR;2;0;10.11.2016;10.11.2016;OK
RLHR;115330;108556;3;Corporates;D11;1;115332;108556;3;Corporates;D12;RBHR;2;0;25.01.2019;25.01.2019;OK
RLHR;98409;107519;4;Government-Owned Commercial Undertaking;D4;2;98405;107519;4;Government-Owned Commercial Undertaking;D12;RBHR;1;0;31.03.2017;31.03.2017;OK
RLHR;102225;109463;3;Corporates;D11;1;102246;109463;3;Corporates;D12;RBHR;2;0;14.07.2017;14.07.2017;OK
RLHR;125391;128326;6;Small Medium Business (SMB);D4;1;125392;128326;6;Small Medium Business (SMB);D12;RBHR;2;0;10.06.2020;10.06.2020;OK
RLHR;131990;534770;3;Corporates;D11;1;131991;534770;3;Corporates;D12;RBHR;2;0;30.04.2021;30.04.2021;OK
RLKO;141794;947669;6;Small Medium Business (SMB);D8;1;141795;947669;6;Small Medium Business (SMB);D12;RBKO;2;0;07.11.2022;07.11.2022;OK
RLRO;121854;933437;6;Small Medium Business (SMB);D8;1;121952;933437;6;Small Medium Business (SMB);D12;RBRO;2;8;29.12.2019;06.01.2020;ERROR
RLRO;120471;1038103;6;Small Medium Business (SMB);D8;1;120532;1038103;6;Small Medium Business (SMB);D12;RBRO;2;8;29.10.2019;06.11.2019;ERROR
RLRO;125851;928383;6;Small Medium Business (SMB);D8;1;125870;928383;6;Small Medium Business (SMB);D12;RBRO;2;2;30.06.2020;02.07.2020;OK
RLRO;109087;844773;6;Small Medium Business (SMB);D8;1;110005;844773;6;Small Medium Business (SMB);D12;RBRO;2;38;06.03.2018;13.04.2018;ERROR
RLRO;115411;807269;6;Small Medium Business (SMB);D8;1;115451;807269;6;Small Medium Business (SMB);D12;RBRO;2;2;29.01.2019;31.01.2019;OK
RLRO;129575;1328588;6;Small Medium Business (SMB);D8;1;129578;1328588;6;Small Medium Business (SMB);D12;RBRO;2;1;13.12.2020;14.12.2020;OK
RLRO;136792;928918;6;Small Medium Business (SMB);D8;1;136831;928918;6;Small Medium Business (SMB);D12;RBRO;2;2;20.12.2021;22.12.2021;OK
RLRO;114394;511417;3;Corporates;D8;1;114770;511417;3;Corporates;D12;RBRO;2;17;02.12.2018;19.12.2018;ERROR
RLRO;139274;1933547;6;Small Medium Business (SMB);D1;1;139276;1933547;6;Small Medium Business (SMB);D12;RBRO;2;0;26.05.2022;26.05.2022;OK
RLRO;114850;652745;6;Small Medium Business (SMB);D11;1;114851;652745;6;Small Medium Business (SMB);D12;RBRO;2;0;24.12.2018;24.12.2018;OK
RLRO;135691;151329;6;Small Medium Business (SMB);D1;1;136176;151329;6;Small Medium Business (SMB);D12;RBRO;2;22;28.10.2021;19.11.2021;ERROR
RLRO;132010;757599;6;Small Medium Business (SMB);D8;1;132030;757599;6;Small Medium Business (SMB);D12;RBRO;2;2;02.05.2021;04.05.2021;OK
RLRO;118733;680789;6;Small Medium Business (SMB);D8;1;119090;680789;6;Small Medium Business (SMB);D12;RBRO;2;22;30.07.2019;21.08.2019;ERROR
RLRS;122270;1558909;6;Small Medium Business (SMB);D11;1;122290;1558909;6;Small Medium Business (SMB);D12;RBRS;2;3;24.01.2020;27.01.2020;OK
RLRS;129012;513577;3;Corporates;D11;1;129017;513577;3;Corporates;D12;RBRS;2;0;27.11.2020;27.11.2020;OK
RLRS;113731;165537;6;Small Medium Business (SMB);D11;1;113770;165537;6;Small Medium Business (SMB);D12;RBRS;2;1;05.11.2018;06.11.2018;OK
RLRS;127934;1590943;6;Small Medium Business (SMB);D11;1;127950;1590943;6;Small Medium Business (SMB);D12;RBRS;2;1;08.10.2020;09.10.2020;OK
RLRS;140732;1347410;6;Small Medium Business (SMB);D11;1;141033;1347410;6;Small Medium Business (SMB);D12;RBRS;2;22;25.08.2022;16.09.2022;ERROR
TBSK;109445;786599;3;Corporates;D11;1;138612;786599;3;Corporates;D12;TLSK;2;1490;22.03.2018;20.04.2022;ERROR
TBSK;93862;751945;6;Small Medium Business (SMB);D11;1;93990;751945;6;Small Medium Business (SMB);D12;TLSK;2;0;25.10.2016;25.10.2016;OK
TBSK;131410;805532;3;Corporates;D11;1;134680;805532;3;Corporates;D12;ILSK;2;178;30.03.2021;24.09.2021;ERROR
TBSK;131410;805532;3;Corporates;D11;1;138788;805532;3;Corporates;D12;TLSK;3;394;30.03.2021;28.04.2022;OK
TBSK;130818;100619;3;Corporates;D11;1;130821;100619;3;Corporates;D12;TLSK;2;0;26.02.2021;26.02.2021;OK
TBSK;114213;100661;3;Corporates;D11;1;114292;100661;3;Corporates;D12;TLSK;2;2;27.11.2018;29.11.2018;OK
TBSK;93224;100835;6;Small Medium Business (SMB);D11;1;93401;100835;6;Small Medium Business (SMB);D12;TLSK;2;1;11.10.2016;12.10.2016;OK
TBSK;106505;1064715;6;Small Medium Business (SMB);D11;1;134678;1064715;6;Small Medium Business (SMB);D12;ILSK;2;1382;12.12.2017;24.09.2021;ERROR
TBSK;106505;1064715;6;Small Medium Business (SMB);D11;1;138791;1064715;6;Small Medium Business (SMB);D12;TLSK;3;1598;12.12.2017;28.04.2022;OK
TBSK;119811;1223833;3;Corporates;D11;1;119910;1223833;3;Corporates;D12;TLSK;2;0;26.09.2019;26.09.2019;OK
TBSK;112710;1224886;6;Small Medium Business (SMB);D8;1;134677;1224886;6;Small Medium Business (SMB);D12;ILSK;2;1093;27.09.2018;24.09.2021;ERROR
TBSK;112710;1224886;6;Small Medium Business (SMB);D8;1;138793;1224886;6;Small Medium Business (SMB);D12;TLSK;3;1309;27.09.2018;28.04.2022;OK
TBSK;104725;122733;3;Corporates;D11;1;105646;122733;3;Corporates;D12;TLSK;2;29;17.10.2017;15.11.2017;ERROR
TBSK;134231;1321721;3;Corporates;D8;1;134676;1321721;3;Corporates;D12;ILSK;2;24;31.08.2021;24.09.2021;ERROR
TBSK;134231;1321721;3;Corporates;D8;1;138795;1321721;3;Corporates;D12;TLSK;3;240;31.08.2021;28.04.2022;OK
TBSK;129572;1349290;6;Small Medium Business (SMB);D11;1;129650;1349290;6;Small Medium Business (SMB);D12;TLSK;2;1;15.12.2020;16.12.2020;OK
TBSK;128833;1428193;6;Small Medium Business (SMB);D11;1;128930;1428193;6;Small Medium Business (SMB);D12;TLSK;2;1;24.11.2020;25.11.2020;OK
TBSK;128833;1428193;6;Small Medium Business (SMB);D11;1;134673;1428193;6;Small Medium Business (SMB);D12;ILSK;3;304;24.11.2020;24.09.2021;OK
TBSK;123982;1504502;3;Corporates;D11;1;123990;1504502;3;Corporates;D12;RBCZ;2;0;27.03.2020;27.03.2020;OK
TBSK;130651;155326;3;Corporates;D11;1;130691;155326;3;Corporates;D12;TLSK;2;1;16.02.2021;17.02.2021;OK
TBSK;130651;155326;3;Corporates;D11;1;134674;155326;3;Corporates;D12;ILSK;3;220;16.02.2021;24.09.2021;OK
TBSK;139072;1791743;3;Corporates;D11;1;139133;1791743;3;Corporates;D12;TLSK;2;1;17.05.2022;18.05.2022;OK
TBSK;130819;1810632;3;Corporates;D11;1;130824;1810632;3;Corporates;D12;TLSK;2;0;26.02.2021;26.02.2021;OK
TBSK;118551;181865;6;Small Medium Business (SMB);D11;1;118591;181865;6;Small Medium Business (SMB);D12;TLSK;2;0;23.07.2019;23.07.2019;OK
TBSK;130577;1826618;6;Small Medium Business (SMB);D11;1;130610;1826618;6;Small Medium Business (SMB);D12;TLSK;2;1;09.02.2021;10.02.2021;OK
TBSK;142158;1905748;6;Small Medium Business (SMB);D11;1;142175;1905748;6;Small Medium Business (SMB);D12;TLSK;2;0;06.12.2022;06.12.2022;OK
TBSK;140333;1959578;6;Small Medium Business (SMB);D8;1;140334;1959578;6;Small Medium Business (SMB);D12;RLCZ;2;2;30.07.2022;01.08.2022;OK
TBSK;139333;1969834;6;Small Medium Business (SMB);D8;1;139377;1969834;6;Small Medium Business (SMB);D12;TLSK;2;2;29.05.2022;31.05.2022;OK
TBSK;91002;214604;3;Corporates;D11;1;91101;214604;3;Corporates;D12;TLSK;2;0;26.07.2016;26.07.2016;OK
TBSK;98825;25977;3;Corporates;D8;1;122351;25977;3;Corporates;D12;RLGMBH;3;1031;12.04.2017;07.02.2020;OK
TBSK;101545;303153;6;Small Medium Business (SMB);D11;1;101606;303153;6;Small Medium Business (SMB);D12;TLSK;2;0;27.06.2017;27.06.2017;OK
TBSK;89261;39133;3;Corporates;D11;1;89441;39133;3;Corporates;D12;TLSK;2;1;31.05.2016;01.06.2016;OK
TBSK;135812;467049;3;Corporates;D8;1;137413;467049;3;Corporates;D12;ILSK;2;86;03.11.2021;28.01.2022;ERROR
TBSK;135812;467049;3;Corporates;D8;1;138778;467049;3;Corporates;D12;TLSK;3;176;03.11.2021;28.04.2022;OK
TBSK;103745;504085;6;Small Medium Business (SMB);D11;1;134682;504085;6;Small Medium Business (SMB);D12;ILSK;3;1480;05.09.2017;24.09.2021;OK
TBSK;112551;526835;6;Small Medium Business (SMB);D11;1;112671;526835;6;Small Medium Business (SMB);D12;TLSK;2;2;25.09.2018;27.09.2018;OK
TBSK;106870;661882;6;Small Medium Business (SMB);D11;1;106985;661882;6;Small Medium Business (SMB);D12;TLSK;2;0;19.12.2017;19.12.2017;OK
TBSK;97005;733159;6;Small Medium Business (SMB);D11;1;97085;733159;6;Small Medium Business (SMB);D12;TLSK;2;1;14.02.2017;15.02.2017;OK
TBSK;88041;804919;3;Corporates;D11;1;88364;804919;3;Corporates;D12;TLSK;2;1;26.04.2016;27.04.2016;OK
TLSK;111268;794541;6;Small Medium Business (SMB);D4;1;111271;794541;6;Small Medium Business (SMB);D12;TBSK;2;3;03.07.2018;06.07.2018;OK
TLSK;100706;798234;3;Corporates;D8;1;130670;798234;3;Corporates;D12;TBSK;2;1358;01.06.2017;18.02.2021;ERROR
TLSK;138787;804919;3;Corporates;D8;4;88364;804919;3;Corporates;D12;TLSK;2;2192;28.04.2022;27.04.2016;OK
TLSK;110285;91125;6;Small Medium Business (SMB);D8;1;122391;91125;6;Small Medium Business (SMB);D12;TBSK;2;641;30.04.2018;31.01.2020;ERROR
TLSK;104225;934825;6;Small Medium Business (SMB);D8;1;104245;934825;6;Small Medium Business (SMB);D12;TBSK;2;2;27.09.2017;29.09.2017;OK
TLSK;124810;1040550;3;Corporates;D8;1;134686;1040550;3;Corporates;D12;ILSK;2;491;21.05.2020;24.09.2021;ERROR
TLSK;123451;1050901;6;Small Medium Business (SMB);D8;2;123450;1050901;6;Small Medium Business (SMB);D12;TBSK;1;1;09.03.2020;10.03.2020;OK
TLSK;113632;1063445;6;Small Medium Business (SMB);D8;1;134688;1063445;6;Small Medium Business (SMB);D12;ILSK;2;1059;31.10.2018;24.09.2021;ERROR
TLSK;116030;1201298;4;Government-Owned Commercial Undertaking;D8;1;122392;1201298;4;Government-Owned Commercial Undertaking;D12;TBSK;2;336;01.03.2019;31.01.2020;ERROR
TLSK;121911;1226542;6;Small Medium Business (SMB);D8;1;134685;1226542;6;Small Medium Business (SMB);D12;ILSK;2;631;02.01.2020;24.09.2021;ERROR
TLSK;138797;1359522;6;Small Medium Business (SMB);D8;3;136252;1359522;6;Small Medium Business (SMB);D12;TBSK;2;153;28.04.2022;26.11.2021;OK
TLSK;128092;1360704;3;Corporates;D8;1;128111;1360704;3;Corporates;D12;TBSK;2;2;19.10.2020;21.10.2020;OK
TLSK;124096;1393954;6;Small Medium Business (SMB);D8;2;124094;1393954;6;Small Medium Business (SMB);D12;TBSK;1;1;06.04.2020;07.04.2020;OK
TLSK;110570;1398159;6;Small Medium Business (SMB);D8;1;134684;1398159;6;Small Medium Business (SMB);D12;ILSK;2;1220;23.05.2018;24.09.2021;ERROR
TLSK;127990;1432833;6;Small Medium Business (SMB);D8;1;131792;1432833;6;Small Medium Business (SMB);D12;TBSK;2;190;12.10.2020;20.04.2021;ERROR
TLSK;129793;1475904;6;Small Medium Business (SMB);D11;1;134687;1475904;6;Small Medium Business (SMB);D12;ILSK;2;277;21.12.2020;24.09.2021;ERROR
TLSK;120510;1503696;6;Small Medium Business (SMB);D4;1;120531;1503696;6;Small Medium Business (SMB);D12;TBSK;2;5;31.10.2019;05.11.2019;ERROR
TLSK;125650;1505588;6;Small Medium Business (SMB);D8;1;125670;1505588;6;Small Medium Business (SMB);D12;TBSK;2;2;23.06.2020;25.06.2020;OK
TLSK;138801;1601150;6;Small Medium Business (SMB);D4;3;137032;1601150;6;Small Medium Business (SMB);D12;TBSK;2;113;28.04.2022;05.01.2022;OK
TLSK;138802;1611542;6;Small Medium Business (SMB);D8;3;137011;1611542;6;Small Medium Business (SMB);D12;TBSK;2;114;28.04.2022;04.01.2022;OK
TLSK;137636;1627966;6;Small Medium Business (SMB);D11;1;137671;1627966;6;Small Medium Business (SMB);D12;ILSK;2;2;15.02.2022;17.02.2022;OK
TLSK;126152;1633034;3;Corporates;D11;1;130671;1633034;3;Corporates;D12;TBSK;2;212;21.07.2020;18.02.2021;ERROR
TLSK;121012;1636934;6;Small Medium Business (SMB);D11;1;121013;1636934;6;Small Medium Business (SMB);D12;TBSK;2;1;02.12.2019;03.12.2019;OK
TLSK;121012;1636934;6;Small Medium Business (SMB);D11;1;134683;1636934;6;Small Medium Business (SMB);D12;ILSK;3;662;02.12.2019;24.09.2021;OK
TLSK;138803;1905910;6;Small Medium Business (SMB);D8;3;136352;1905910;6;Small Medium Business (SMB);D12;TBSK;2;149;28.04.2022;30.11.2021;OK
TLSK;101305;192323;6;Small Medium Business (SMB);D8;1;101346;192323;6;Small Medium Business (SMB);D12;TBSK;2;2;20.06.2017;22.06.2017;OK
TLSK;138804;1927438;6;Small Medium Business (SMB);D8;3;138232;1927438;6;Small Medium Business (SMB);D12;TBSK;2;29;28.04.2022;30.03.2022;OK
TLSK;102365;206253;3;Corporates;D5;1;134691;206253;3;Corporates;D12;ILSK;2;1530;17.07.2017;24.09.2021;ERROR
TLSK;123850;497073;6;Small Medium Business (SMB);D8;1;123890;497073;6;Small Medium Business (SMB);D12;TBSK;2;2;24.03.2020;26.03.2020;OK
TLSK;103746;504085;6;Small Medium Business (SMB);D8;2;134682;504085;6;Small Medium Business (SMB);D12;ILSK;3;1481;04.09.2017;24.09.2021;ERROR
TLSK;121750;518070;6;Small Medium Business (SMB);D8;1;134690;518070;6;Small Medium Business (SMB);D12;ILSK;2;641;23.12.2019;24.09.2021;ERROR
TLSK;97265;719795;6;Small Medium Business (SMB);D8;2;97245;719795;6;Small Medium Business (SMB);D12;TBSK;1;1;20.02.2017;21.02.2017;OK
TLSK;138786;764901;3;Corporates;D8;3;137031;764901;3;Corporates;D12;TBSK;2;113;28.04.2022;05.01.2022;OK
TLSK;113630;779709;6;Small Medium Business (SMB);D8;2;113370;779709;6;Small Medium Business (SMB);D12;TBSK;1;5;31.10.2018;26.10.2018;OK
